imdb_id,revenue
tt1226251,42496749
tt0118556,34673095
tt1255953,7099598
tt0418753,709832
tt0120238,656747
tt1517177,59954
tt0220099,96159800
tt0416508,37407812
tt0120363,497375381
tt0419663,17986
tt3655522,60765
tt0080801,30031783
tt0316188,2816116
tt0844286,5530764
tt1533013,77247
tt1231587,64780213
tt2209764,23022309
tt0078754,37823676
tt0120338,659363944
tt0124198,9898412
tt1046163,41624687
tt0477392,252539
tt0324127,8725813
tt1735907,15364
tt0101540,79091969
tt0093744,3569939
tt2140479,86260045
tt1934269,128668
tt0244000,13678913
tt0367027,5526675
tt0405508,2197694
tt0119346,206272
tt0221809,32267
tt2910274,3325417
tt2397535,68372
tt0322589,62228395
tt3882082,73929392
tt1816518,8111137
tt0090315,5274
tt1625346,22939027
tt0092641,4278150
tt1714203,8518634
tt3202120,14454364
tt0458339,370569774
tt0099292,1244381
tt0037382,12459
tt0404390,9380029
tt0096101,21630088
tt0076666,94213184
tt0285462,8600126
tt0430916,64064
tt0337578,7885479
tt0106226,32255440
tt1746183,183640
tt0113451,9851610
tt0955308,321669741
tt0093754,215496
tt0120768,44547681
tt0103247,34793160
tt0460791,3669465
tt0235737,764554
tt3672840,74068
tt0770703,30426096
tt1334512,48147945
tt3322892,55668
tt0105793,183097323
tt1192628,245724603
tt0120823,2198044
tt0209077,1058905
tt1375666,836836967
tt0454084,945718
tt0090904,2390525
tt1659337,33384127
tt0329774,71022693
tt4581576,840809
tt0758730,41797066
tt0396652,27645491
tt0356634,75369589
tt0071360,4432180
tt0090184,14100000
tt1232783,27206120
tt0785035,8936663
tt0477302,55247881
tt1312254,19411
tt2125666,2495706
tt1699745,83135
tt0365830,8334575
tt0088001,21435321
tt0305206,7986084
tt0307453,374583879
tt0183505,90570999
tt0404203,5463019
tt0413300,894983373
tt0098627,30218387
tt0119978,45916769
tt0364343,551281
tt0094006,18553948
tt2309961,121179
tt0093104,183700
tt0061595,3488000
tt0190865,69243859
tt0139462,52880016
tt0498399,55033767
tt2091935,607595
tt0107985,56500758
tt0800080,264770996
tt1587729,20967660
tt1638353,654587
tt1985019,2313509
tt0245574,33616692
tt0455612,63368939
tt2207050,59874
tt2049543,4505
tt0343818,353133898
tt0017136,1349711
tt0052572,134241
tt0118789,2375097
tt0050083,955
tt4044364,3780692
tt0107146,602329
tt0092925,66673516
tt0378947,3826280
tt2318092,34718173
tt0087332,296187079
tt0091445,8200000
tt2103264,3346265
tt1602476,64398
tt0101669,38016380
tt0097527,1738897
tt0105219,14356479
tt1762399,36076121
tt0093793,21589395
tt0093773,98268458
tt0081974,40716963
tt0386588,371594210
tt1132449,20998
tt0271263,23833131
tt0285441,5204281
tt1263670,47405566
tt2055765,320013
tt0891592,8742261
tt0114781,50024083
tt0363589,1266955
tt1441395,5735963
tt3062976,5967516
tt1174730,7878856
tt1571222,5704709
tt0333766,35825316
tt0096895,411508343
tt0106868,12890752
tt3480886,47258
tt1703957,7435006
tt0109686,247275374
tt0098213,7706368
tt1674775,22826
tt1194603,160829
tt0106246,36733909
tt0094020,225358
tt0073802,27476252
tt1305806,6391436
tt0099077,52096475
tt1100089,19206513
tt1227165,261127
tt3086442,2193474
tt0860907,60648662
tt1596365,54333290
tt0110622,51132598
tt1588337,43803417
tt0103759,2038916
tt0437777,11483669
tt0360016,30142
tt0814314,69951824
tt0211443,17077882
tt0074483,46236000
tt0398375,88933562
tt0101587,179033791
tt1527788,528175
tt0410764,66453
tt3631112,75395035
tt0082495,25533818
tt3442006,2433850
tt1776196,7621364
tt3076658,173567581
tt1075747,10903312
tt0109529,66229
tt1440292,467602
tt0462335,4289074
tt0164184,193921372
tt0116583,325338851
tt0105017,2280148
tt2537176,809
tt2169322,84112033
tt0088385,21058033
tt0970468,16724933
tt1183911,1673840
tt0096256,13008928
tt0435651,66980456
tt1715336,4288
tt0418460,91998
tt0371746,585796247
tt0104503,256249
tt0308644,51680613
tt1727776,3703046
tt0319769,9832663
tt1369706,5343820
tt0120755,546388108
tt2457282,375627
tt2119532,67209615
tt0057012,9443876
tt0332712,18490423
tt0105812,90753806
tt0102370,29012935
tt1714206,6918591
tt0479997,91627228
tt0119925,17626234
tt0287978,179179718
tt2002718,8008161
tt0107507,11330911
tt0049261,32855818
tt0119304,10493366
tt1549572,1938783
tt2461520,167085
tt0462579,83354
tt1297919,11895069
tt1657510,1362018
tt2231138,6420
tt3410834,66184051
tt0082138,9566593
tt0090768,7177431
tt0088936,20345361
tt1726589,48041
tt0110944,305070
tt0087968,6045647
tt3322364,48623572
tt0100140,35419397
tt0120623,363258859
tt0118750,20050376
tt0113627,32029928
tt0093870,53424681
tt0047413,1400000
tt0469623,8591255
tt1772240,26236153
tt0103112,15073942
tt0315983,16763804
tt1786751,40400
tt1324999,712205856
tt1224378,38885962
tt0403537,1691706
tt3893620,476015
tt1787816,122961
tt1621444,2210382
tt0093822,29180280
tt1172957,60630
tt1116184,171685792
tt0257516,29621722
tt1031280,522497
tt1532958,8888355
tt0870984,7413863
tt0120762,304320254
tt0118566,2465960
tt4981966,336771
tt0238112,62112895
tt0065126,276418
tt0448157,629443428
tt0251191,32395
tt3691740,55483770
tt0059113,111920764
tt0426931,66122026
tt2094877,217883
tt1185836,3037173
tt1396226,9075131
tt0388795,83043761
tt0086197,21192315
tt4034228,78988148
tt0458481,39407616
tt0117318,20300385
tt1130988,470691
tt0044672,36000000
tt2392830,4159246
tt0111255,57362582
tt0097027,18671317
tt0415833,40758
tt3416742,7253160
tt0062229,39481
tt0114660,529766
tt0475394,57232879
tt0496328,33723
tt0064782,14500000
tt0081747,3763988
tt0097557,151203
tt0497116,49782012
tt0347791,746381
tt2599716,94249025
tt2358925,14431253
tt0095031,42039085
tt0112401,30303072
tt0808279,7938872
tt2714900,2385956
tt2118775,29139936
tt0094138,3685862
tt0100260,8862354
tt0072665,1500000
tt0112625,13940383
tt1568911,79884879
tt4187590,8292235
tt0408236,52898073
tt2709768,875458631
tt1408253,154468902
tt0338096,27685016
tt0790712,1595417
tt0435705,77621983
tt5657028,29370592
tt0094012,38119483
tt1436562,483866518
tt1981107,9494789
tt3125324,14618727
tt0181833,362649
tt0090660,15945534
tt0377084,6765081
tt0120863,98126565
tt0089530,36230219
tt1219289,79249455
tt1748227,9929706
tt0395495,16162580
tt1864288,267965
tt0083642,69701637
tt1798684,91970827
tt0416449,456068181
tt1179069,3205167
tt4285496,3217176
tt0422720,60917189
tt1512235,422618
tt0084690,20225989
tt3508840,632542
tt3155604,4459303
tt0077745,24946533
tt2865120,8821329
tt0084865,28229046
tt0375568,39886986
tt0254686,6765335
tt3098306,13061533
tt0049408,65
tt2247692,33449086
tt1598822,54544638
tt0402022,53321673
tt0088395,10530000
tt0120770,30331165
tt0246578,6981586
tt0093894,38122105
tt0096969,70001698
tt0119173,48169156
tt4667094,22227514
tt0368909,4563167
tt1849718,26001696
tt0129167,23180087
tt2702724,78844582
tt0851578,944915
tt1674057,8835903
tt0453548,414404
tt0114367,5711695
tt0350258,75331600
tt1287878,356149
tt1190617,7013191
tt0328107,77911774
tt1872181,708982323
tt0084335,14000000
tt0100168,16153593
tt0088794,10297601
tt1242460,9232318
tt0120764,36850101
tt0106977,368875760
tt2035599,26608
tt1661199,542358331
tt1131729,8017917
tt0120524,15738769
tt1532382,3684120
tt0118980,43961
tt0110912,213928762
tt0119141,29481428
tt1294213,5682554
tt1287468,43585753
tt0790736,78324220
tt0349825,64445708
tt0106464,212483
tt1572315,47340586
tt0457510,99255460
tt1183251,4515258
tt0093278,14375181
tt0087884,2206121
tt0054215,32040242
tt0319343,223853736
tt0079116,43005351
tt0800320,493214993
tt0323298,3039587
tt1582507,44287131
tt2258281,673493
tt0382932,623726085
tt3784652,380806
tt0401815,206871
tt0070903,45000000
tt0382077,51100486
tt0087277,80039064
tt3731562,566652812
tt0092112,6797218
tt0845046,1785505
tt3541262,2589811
tt0106557,6980986
tt2381991,48390190
tt1985949,352333929
tt0086129,33759266
tt0237534,70752904
tt1449283,49871429
tt0142688,58401898
tt0119054,9090
tt0483756,550782
tt0118927,5406742
tt0111070,190539357
tt0421994,672243
tt0808399,1588015
tt0097958,73594646
tt0087553,34700291
tt1334260,9918093
tt4052882,55124043
tt0408524,34252847
tt0106761,2341309
tt0175880,48451803
tt0059578,15000000
tt0103873,242623
tt1663662,411002906
tt1189073,33678406
tt0421082,872252
tt1477109,49827298
tt0282687,16872671
tt0151804,10827810
tt0112682,1781465
tt0077504,44917151
tt0108147,57319029
tt1715873,285984
tt0285727,17528
tt0069113,84563118
tt1110037,1590355
tt4383594,57814445
tt1132620,104414200
tt1001526,321885765
tt0084938,30688860
tt2467046,27405896
tt0095897,20324096
tt1293847,44898413
tt0470705,8095658
tt0074279,3270000
tt0091613,1301121
tt0093143,760000
tt0059037,15260000
tt4501244,60323786
tt0167456,6880917
tt2004420,270665134
tt0061852,205843612
tt0790604,47232776
tt0252501,30919415
tt0073812,34272986
tt1242457,18874808
tt2347497,14567
tt1093908,44277350
tt0096073,18875011
tt0477348,74283625
tt0099785,476684675
tt0095294,12090735
tt0790770,3473958
tt0109446,92115211
tt0265666,71444482
tt0059742,159428329
tt1308729,9489829
tt0057345,920144
tt0121164,53359111
tt0173840,85131830
tt0080716,21202829
tt0338564,8836958
tt0462504,7177143
tt0110093,30806194
tt0978764,89792502
tt0410454,3347647
tt0099699,29888235
tt1981115,644783140
tt0887912,49259766
tt2172584,4510934
tt0475169,795223
tt0092718,31623833
tt0105265,43440294
tt0119177,12532777
tt0762125,42194060
tt0089087,24468550
tt0109936,13137484
tt0082525,2004742
tt0421715,335802786
tt0091757,1641825
tt0108399,13088861
tt0075860,306889114
tt0976222,5210988
tt0075314,28441292
tt0096438,329803958
tt5653294,29171110
tt0450232,65664721
tt0071315,29225935
tt2039393,39280992
tt0403703,29266490
tt0092076,8025872
tt0100828,10005969
tt2167970,7286913
tt0231402,39438674
tt2275471,7117
tt2481480,209613
tt0327084,339795890
tt0892782,381509870
tt0091578,2451545
tt0318974,25819961
tt0116695,273552592
tt0295700,28650575
tt2184339,89328627
tt0816462,63523283
tt0240462,176104344
tt2172934,53260230
tt0109370,163971
tt2191701,246984278
tt2357129,42128352
tt2404217,82879386
tt0976238,96753696
tt2980592,332890
tt0093624,3109904
tt0377834,14117202
tt1105733,490154
tt0064757,22787885
tt1107319,55125
tt0099800,26385627
tt0215750,96976270
tt0105682,1605437
tt1073498,85897593
tt0117998,494471524
tt0095801,3696134
tt0144814,17762705
tt1403177,449702
tt0105699,57138719
tt0116000,22955097
tt0119217,225933435
tt0095174,17637950
tt0094332,63766510
tt0324133,22441497
tt1622979,42587643
tt0161023,1350248
tt0375210,91196419
tt0466839,9576495
tt0301357,79316957
tt3228088,196458
tt1454523,3784105
tt0089686,29999213
tt0119051,43312294
tt0892791,752600867
tt0097782,1247946
tt3882000,63802
tt0145653,13042112
tt0455857,67062123
tt3210686,70829270
tt0119223,55494066
tt0097967,15942628
tt0381442,4335691
tt0119723,3309421
tt4142022,4518908
tt0125659,377967
tt0215129,68540777
tt1761005,1558836
tt0238380,5368217
tt1397514,335260290
tt0119809,194201
tt0090350,18707466
tt0120087,346056
tt0033870,2330
tt2870648,8413144
tt1634122,8305970
tt0107943,23237911
tt0090927,17768900
tt0117628,9538948
tt0338459,197101678
tt5447140,86953
tt0795421,609916146
tt0213149,449220945
tt1099212,408430415
tt0120791,46733235
tt0492481,89464
tt0101301,14812144
tt0107034,60613008
tt0281322,14946150
tt1318514,481800873
tt1535970,9216
tt1885335,46109
tt0106582,84049211
tt0076327,22512655
tt0240510,29882645
tt2581244,88273
tt0091635,6735922
tt0415003,160839
tt0095889,14114488
tt0810913,74158157
tt0120591,553709788
tt2121382,4094339
tt1709143,24084
tt0454082,21510851
tt3616916,177404
tt2279339,42426912
tt0099385,16853487
tt0393597,32011576
tt1182972,702166
tt0061747,11000000
tt0088258,4736202
tt0316654,788976453
tt0078346,300451603
tt0216625,95242
tt2358891,2852400
tt0115644,27315527
tt3200980,1159072
tt0079168,20166000
tt0079945,82604699
tt0275847,273144151
tt0386032,36163768
tt0435670,26810113
tt0441773,631746197
tt0085863,1223200
tt0796307,23313049
tt0107554,27912072
tt0109254,42614912
tt1148204,77912251
tt0086987,8914881
tt0366174,70992898
tt0080520,41675194
tt0096018,2847941
tt0138304,19598588
tt0106627,13609396
tt0831387,524976069
tt0318627,51201453
tt0374102,54683487
tt1470023,9322895
tt0118607,44229441
tt0220656,INR500000000
tt1320261,42779261
tt0119528,302710615
tt0838283,128108211
tt0762107,187134117
tt0093405,4615255
tt0212815,512451
tt0429589,55181129
tt2667960,527094
tt0885520,255440
tt0405159,216763646
tt2848292,287144079
tt0108162,36300000
tt0072431,86273333
tt0433442,7749851
tt0455760,22382047
tt0468489,4660481
tt3257582,32293377
tt1129445,19643086
tt1566637,212940
tt1907668,93772375
tt0099487,86024005
tt1175506,2336172
tt0454841,70009308
tt0912593,1433319
tt0265632,44460850
tt0339291,211468235
tt0465624,61108981
tt0080863,15934737
tt1068242,63543328
tt0097162,7825009
tt5819280,94787
tt2752758,36921560
tt1640484,38158601
tt0166195,6033999
tt0075718,19104350
tt0338013,74036715
tt0104291,55956187
tt1322313,96715
tt2238032,136579287
tt3674140,5412466
tt1637706,25804448
tt0109520,45610410
tt0086525,17343596
tt0875034,54004950
tt0109444,215887717
tt2679042,82347656
tt0472062,66661095
tt0116827,5939449
tt0240772,450717150
tt0803096,47365290
tt0775539,75511123
tt1441952,9047981
tt0070239,105659
tt1820462,8297966
tt0289635,767373
tt3766394,14659448
tt0109447,7408745
tt0443543,87892388
tt0324216,80571655
tt0338337,53790451
tt0113481,19075720
tt0370263,80282231
tt1489167,9812
tt1969062,1824678
tt0100318,44926706
tt0324242,1691811
tt0862467,30638
tt1186366,791917
tt0796368,4778376
tt0443453,262552893
tt1060277,80048433
tt0065234,83305
tt0980970,415686217
tt0117913,152266007
tt0092147,4941117
tt1336608,59418613
tt3623726,41325328
tt0337978,388156011
tt0118798,29202884
tt0861689,3351751
tt0096180,1791328
tt2182972,408918
tt0075066,33833201
tt0172684,2100000
tt0089385,9708373
tt3205376,229094
tt0462519,24470583
tt0081259,18971000
tt1636826,54731865
tt0068611,4121
tt3263904,240797623
tt0250797,52775765
tt0399854,13954476
tt0880504,3216061
tt0090305,38934048
tt3344922,6921
tt0466909,54607383
tt0295254,18902015
tt0435680,849650
tt1046173,302469017
tt0092240,3500000
tt0327554,82102379
tt1951265,755356711
tt0997047,51549674
tt0497986,14742
tt0116414,4939939
tt1159961,84918
tt0102722,1750301
tt0086405,2439705
tt1219827,40563557
tt4088268,9651271
tt0101700,1794187
tt0106375,53443066
tt0110123,28881266
tt0117260,3718087
tt0119142,32748995
tt3638396,42360
tt1303803,550418
tt0084021,15171476
tt1911553,9245235
tt0853096,869352
tt0114011,37591674
tt3169706,16775629
tt0105415,18471850
tt1862079,4424699
tt0109508,3041083
tt2024544,56671993
tt0452598,82571173
tt0076759,775398007
tt1976009,5775076
tt0064116,5434825
tt2361509,75764672
tt2261287,24702560
tt3859980,1630231
tt0082648,12617845
tt1447972,9941976
tt0457419,69474661
tt1939659,84790678
tt0251075,98376292
tt0805526,10307987
tt0210130,10791
tt0091129,79817937
tt0104225,231826
tt0486655,38634938
tt0113010,11534477
tt1802197,7832142
tt0263734,4245870
tt1020072,66787908
tt1691916,16373843
tt2917388,3184017
tt0107004,18635620
tt2294677,3114953
tt2076176,16758611
tt0110137,8880705
tt0097372,770132
tt1562899,552698
tt4846232,3283369
tt0115956,59031057
tt0417397,26146165
tt0210616,26385941
tt1172060,1035267
tt2626350,86165646
tt0847877,378034
tt4002772,732655
tt0100485,15645616
tt0918940,356700357
tt0828065,37895
tt0119229,28084357
tt0119906,4166918
tt0067093,10405457
tt0099939,2554476
tt0155267,69305181
tt1458169,34814102
tt1205489,269958228
tt0107504,12974636
tt0372873,75108817
tt1645089,7871522
tt1616195,84920539
tt1661382,44907260
tt1211837,677796076
tt0297884,29027914
tt0368658,782383
tt0365907,58834384
tt0091149,38625550
tt0095016,83844093
tt0120912,445135288
tt0102411,12454768
tt0881909,21579
tt0085475,4786789
tt1366687,11482165
tt0119567,618638999
tt1566501,5672846
tt0455967,68844775
tt0061811,27669
tt2181931,1862086
tt6044910,800012
tt1245526,90380162
tt0084749,39103425
tt1680045,4396975
tt0479952,603900354
tt1979320,96983009
tt0465551,49814392
tt1321511,5186767
tt0115509,8620678
tt0172396,10827816
tt1386697,746846894
tt0029583,184925486
tt0109655,759393
tt2101383,566006
tt0862846,16580250
tt0082198,68851475
tt0871510,21505244
tt0810827,47919757
tt0066026,81600000
tt0082801,29916207
tt0337563,96455697
tt0086216,2494480
tt0116629,817400891
tt1396557,181039
tt0473488,517809
tt0110399,29392418
tt2278388,59301324
tt0086361,64892670
tt2733258,7182
tt0120703,39278722
tt0815236,49779728
tt0088944,57491000
tt0112462,336567158
tt0411475,390128
tt0458352,326706115
tt0181875,47385836
tt0102975,96888996
tt1663321,3265941
tt0111003,8647042
tt0974554,3581642
tt0107120,44947705
tt0361322,49048
tt2321163,7610738
tt0120587,90757863
tt0095107,28202109
tt0096787,27100027
tt0100935,14561425
tt0259324,228738393
tt3748528,532177324
tt0068768,6330000
tt1706593,64575175
tt0094921,16262415
tt0208003,173959438
tt2509850,4453524
tt2315582,508169
tt0067588,10600000
tt0107978,10696210
tt0865556,52075270
tt0298148,928760770
tt0386064,76287982
tt2513074,30930984
tt0100486,15445131
tt2126362,63555
tt0077530,20000000
tt0098442,9114702
tt0239948,26086706
tt1179031,427418
tt0375912,2339957
tt2109248,245439076
tt0297181,51386477
tt2515030,6760531
tt0133240,38176783
tt0115783,22611954
tt0099310,715983
tt0097981,22168359
tt0246989,23430766
tt0388125,83697473
tt0293124,3315711
tt0099810,200512643
tt1189340,86752352
tt0119081,26673829
tt0167190,99378985
tt0077248,6521083
tt3521134,157857
tt2796678,50206
tt0052311,2286947
tt1314655,62695489
tt2024469,92168600
tt2400463,354835
tt0948470,757930663
tt0185183,29725663
tt0107282,32901136
tt0083284,10853418
tt3164256,3394174
tt1683526,72689
tt0841032,5812781
tt0350261,8586392
tt0300532,51843679
tt0109506,50693129
tt1869716,2891812
tt0300471,88323487
tt0094712,3966256
tt0255477,44310395
tt2278871,2199787
tt0425637,627047
tt0832903,349220
tt0852713,70439696
tt0200465,64828421
tt0090556,441863
tt0080388,12729675
tt1791682,7587485
tt0340855,58469210
tt0219854,69691949
tt0120082,172363301
tt4185572,411115
tt0265349,55305279
tt1440728,67876281
tt1496422,693286
tt0245844,75395048
tt0162222,429632142
tt0111797,7294403
tt0389722,75513170
tt0119115,9381260
tt0319061,66809693
tt0091949,40697761
tt2920808,413567
tt0117571,173046663
tt1674784,24094
tt1447508,9460931
tt0211718,124994
tt0100514,21633874
tt1448755,57084522
tt3958780,1672306
tt0396271,159429
tt2764784,5793245
tt0390022,61950770
tt0339147,371396
tt0108122,6110979
tt0366780,866999
tt0092513,34368475
tt0093509,1680358
tt1252596,12425098
tt0181984,28780255
tt2224317,789671
tt1053810,8179416
tt2872718,47398992
tt0367089,7372734
tt1408101,467365246
tt0095488,1189315
tt1695765,2336212
tt1598642,381839
tt2381249,682716636
tt2357377,665210
tt0814666,112351
tt0954990,318623
tt3722070,41387687
tt0334416,103401
tt0115906,285112
tt0411061,32593385
tt0103639,504050219
tt0988047,27675014
tt1120985,9706328
tt1270798,352616690
tt0104070,58422650
tt0107468,1498795
tt0265459,52223306
tt0101020,HKD33397149
tt0056923,173057
tt0112541,1268636
tt0489049,961203
tt0092133,10090429
tt2096672,86208010
tt0116922,3703548
tt1469304,58060186
tt0796375,3748295
tt0117765,33109743
tt0102095,7788597
tt0077696,78000000
tt0385880,73661010
tt0489270,80238724
tt0317950,10550
tt1621045,96070507
tt0298130,249348933
tt0191133,33972062
tt0098554,79258538
tt0095652,5344577
tt1934231,16706074
tt0101902,23202444
tt0110657,8914777
tt0082894,9171289
tt0021884,1626
tt0361748,321457747
tt0108065,7266383
tt0418819,47074133
tt1524575,1784763
tt0449467,34302837
tt0097123,18254702
tt0903627,65108
tt2461150,29674699
tt0374546,8945072
tt0092216,277405
tt0493459,347240
tt0323572,6130049
tt0489281,11212953
tt0112749,670727
tt0088128,23686027
tt1300851,10629321
tt1560985,53261944
tt2872732,458863600
tt0250371,4760014
tt1179891,51545952
tt0373469,4243756
tt0329691,46546197
tt0095958,796368
tt3678782,409166
tt0374536,63313159
tt0078158,16393000
tt0297284,4480744
tt0082432,5732587
tt1847713,5290
tt0089470,3099497
tt0087032,28078073
tt0087127,11919250
tt1155592,5258569
tt0267626,65716126
tt0087182,30925690
tt0483726,42472472
tt0272207,12633747
tt0355702,13411957
tt2908446,297002527
tt0111323,7727256
tt4651520,183936074
tt0073312,20123742
tt2459022,57387
tt0107387,8556940
tt0090633,84542002
tt0119707,51376861
tt0085764,3952448
tt2101441,32170399
tt1403214,24267
tt4630444,32964
tt4520364,8809407
tt0115632,3011195
tt0404802,1778006
tt0139876,INR250000000
tt0360009,8112712
tt0032910,84254167
tt1280558,3256911
tt0119038,4071548
tt3099498,1882074
tt1504319,40294
tt1569364,20984902
tt0089370,96773200
tt1375670,271457301
tt0082846,119285432
tt0087957,70262694
tt0381971,69865924
tt2436682,20672
tt0094027,13994920
tt0806203,5805279
tt2909116,210591
tt0489037,1764304
tt0456980,2448408
tt0923811,16444137
tt4731136,8106986
tt1179034,52844496
tt1462758,19439764
tt0086336,8400000
tt0367594,474968763
tt1196956,10900434
tt0119137,92977226
tt1324059,718766
tt0102059,69467617
tt0093771,1432687
tt0107007,10769960
tt0416212,39952437
tt0116320,17193231
tt4568106,19337
tt0112536,684351
tt0120891,222104681
tt0086465,90404800
tt0401997,40953935
tt0120576,15923122
tt0074860,21709020
tt0068555,18090065
tt2561572,90411453
tt3569230,42972994
tt4701660,553810228
tt0256009,755249
tt2671706,64414761
tt1716772,88823111
tt0094625,553171
tt2692250,363204635
tt2096673,858071350
tt0084707,30036000
tt1385826,62495645
tt0105414,48017402
tt0332452,497409852
tt1037163,32869
tt0113749,2122561
tt1674773,8880936
tt1417075,9955885
tt0094074,15681020
tt0361696,14867514
tt0118665,36450736
tt0829098,2752471
tt0108234,841015
tt0450345,38805380
tt1381404,5133027
tt0101746,38120905
tt0106364,5635204
tt0067065,12348905
tt0303297,418941
tt0765443,56107312
tt0324554,21741598
tt0089826,20518905
tt0081738,5000000
tt0119303,79082515
tt1017451,4681651
tt0116790,5770254
tt0103030,1710057
tt0090065,3360800
tt0117420,57400547
tt0114436,20358624
tt1343092,353642274
tt0086190,475106177
tt0100491,295444
tt0280590,171269535
tt0221799,970676
tt3203620,2544921
tt0120484,185991646
tt0354766,5923000
tt0408985,43451846
tt1152398,43202283
tt0936471,408229
tt4302938,76249438
tt1195478,54169363
tt0133751,40283321
tt0114924,81057016
tt0780521,267045765
tt0123964,73475268
tt0367652,45109561
tt0291579,5324097
tt0295701,277448382
tt1932767,2711379
tt5998104,4131
tt0114697,5093707
tt0892769,494879471
tt0109127,50236831
tt1291570,22354572
tt1529235,45896492
tt0371606,314432837
tt0393735,87134280
tt0097647,38956288
tt0080360,19853892
tt2378507,22088533
tt0088286,20458340
tt0095489,84460846
tt0104237,7532911
tt0211915,33225499
tt0337879,48000
tt0092104,1254040
tt0094744,15122324
tt0455475,988368
tt1230448,8034797
tt0262210,28664
tt1217209,538983207
tt0889573,49843011
tt0469494,76182388
tt0096764,8083123
tt2013293,5209580
tt0099797,1293976
tt0114702,340139
tt2004432,4383978
tt1051904,80080379
tt0314353,86468162
tt2884018,16322067
tt0104940,32574382
tt0219400,374312
tt0374900,46138887
tt0088814,21288692
tt0120820,12874899
tt0844457,711421
tt0416315,30894796
tt0107302,2395231
tt1282140,75026327
tt2132285,5845732
tt1536374,30655
tt0141986,533759
tt1506999,34513760
tt0085867,11787127
tt0106315,8041049
tt0111686,19721741
tt0082971,389925971
tt0088851,3558669
tt0120611,70087718
tt0209163,443280904
tt0101404,184890
tt0118887,44862187
tt2475794,6236954
tt1181791,382879
tt1322312,42059111
tt1782568,25030264
tt1186370,250618
tt0119731,25804707
tt0316356,68296293
tt3813310,143658
tt1503776,10000
tt1972591,39175066
tt0117509,46351345
tt0401445,7459300
tt0366777,6584159
tt0462465,7034698
tt0345950,85417988
tt0114614,4064495
tt0327753,88078
tt1111422,65452312
tt0114558,7959291
tt0286244,7007149
tt0102536,2023808
tt3321428,13851074
tt0107840,27515786
tt4871022,51803
tt1413495,7388654
tt0106519,63848322
tt1985966,274325949
tt0034167,16364924
tt1956620,38543473
tt0490215,7100177
tt0241025,19463185
tt0468492,89433436
tt5923962,2359127
tt2084970,91125683
tt1465487,504030
tt1540011,45173154
tt0209475,94728529
tt0430304,58645052
tt0238546,45479110
tt0087781,47951979
tt0109443,7355425
tt1972571,36233517
tt0057193,46332858
tt0163978,39785027
tt0317132,33589427
tt0349205,190538630
tt0032138,25407411
tt2058107,4438438
tt0445990,58480828
tt0104346,9223441
tt0428196,3195
tt2097298,45710059
tt0072271,30860378
tt1197624,73357727
tt0120631,98005666
tt0104231,58883840
tt1905041,788680968
tt1731141,61737191
tt0443536,51386611
tt0416991,495270
tt0289765,93149898
tt1233227,68234154
tt1659343,5460
tt0120917,89636687
tt0418110,8116128
tt5161058,4756578
tt0346156,57947036
tt1226753,45636368
tt0267891,40442443
tt0210945,136771683
tt0078841,30177511
tt0146675,66889043
tt0116378,1227324
tt0106673,63270710
tt1602620,6739492
tt1232207,17436509
tt0105695,159157447
tt0310793,58011975
tt0319531,490964
tt2523600,48541
tt3026488,33125
tt0279113,16860964
tt0267248,12302219
tt0349710,74541707
tt0107144,38922972
tt0102913,3547684
tt0243017,3176880
tt4085084,51879
tt0378194,66208183
tt1506452,1741065
tt0098987,21413502
tt2316204,74262031
tt2288121,10353078
tt4795124,62547032
tt0117473,8543587
tt0856052,4884108
tt0047478,322773
tt4680182,4531320
tt0100758,201965915
tt0304328,723040
tt0094813,807947
tt4721400,30169
tt1224449,927277
tt1078940,171844840
tt0243585,64956806
tt1409024,624026776
tt0057076,24808767
tt1153053,317831
tt0772193,15291277
tt0119164,45950122
tt2326554,546352
tt0455407,54806823
tt0314524,1349501
tt1572916,3084761
tt0122529,1338335
tt0089643,30867525
tt1664894,8183347
tt1528854,242786137
tt2493486,1797955
tt0090886,22905522
tt0166276,7622365
tt0266543,940352645
tt0104952,64088552
tt0787523,691733
tt0092751,1262091
tt0080489,6950125
tt0181316,68518533
tt3451498,5938041
tt5315110,10033929
tt0082031,95461682
tt0114194,16115878
tt0184858,32168970
tt2568862,84918541
tt0174204,929606
tt0106941,11146270
tt2172935,7975812
tt0101025,299090
tt0287963,234255
tt3072482,9252038
tt1007028,42784344
tt4559932,7442911
tt0137494,87704396
tt2261331,4070789
tt0083908,6110670
tt0112427,259724
tt0913958,119263
tt0328589,58878723
tt1414840,19171562
tt4129870,200242
tt0116209,78676425
tt0443431,745327
tt0081751,14155617
tt0054167,24640
tt0240200,5529144
tt0293815,33526835
tt3819668,8008363
tt0243655,295206
tt0414853,72637803
tt1596346,47120948
tt3132094,5492784
tt0134119,81298265
tt4110568,3066100
tt0382621,783778
tt0075029,31800000
tt1800246,45640143
tt0084726,78912963
tt0271668,50097949
tt2372222,43996483
tt4230700,217473
tt0105417,231605150
tt0817230,216485654
tt1756415,34995189
tt1528100,65014513
tt0095560,6424112
tt2406252,8350026
tt1343727,41037742
tt0118736,146125
tt0456020,21353303
tt0102729,24941969
tt1272878,75612460
tt0326722,51549
tt0785006,73034460
tt0104573,20146880
tt0389790,293514336
tt0099740,5728953
tt1486193,316944
tt1860353,83028128
tt0363547,59020957
tt0091276,4884663
tt0062765,511422
tt0190590,71870729
tt3170832,35401758
tt1082853,934658
tt2330866,87129910
tt0089003,16116878
tt2349144,422746
tt3083008,3335613
tt1441951,59520298
tt0038109,19000
tt0119256,222559
tt0139134,76347426
tt0297037,28316451
tt0970411,7873007
tt0094602,18869631
tt1920885,85557721
tt3203606,7857741
tt0093175,20419446
tt0089927,300473716
tt1536048,583455
tt1700841,97685686
tt0299977,53710019
tt0097276,7754571
tt2505938,138811
tt0124295,720074
tt1595366,12824118
tt2884206,481234
tt0110366,67308282
tt0383574,423315812
tt0099685,46952991
tt0974613,2143005
tt1690953,970766005
tt1436559,515823
tt1798603,24079268
tt0081480,43995918
tt2404461,1331747
tt2338151,10616104
tt1028528,31126421
tt1306980,41097853
tt0118147,2789985
tt2543164,203388186
tt0361467,33251890
tt0117002,5707094
tt0059017,20666667
tt1179258,9368242
tt0844671,6265483
tt0457530,2025032
tt0236784,28008462
tt1925431,2500277
tt0315459,21108
tt1518812,977772
tt1320239,4833
tt0331468,29119434
tt1433822,4936819
tt4781612,282817
tt0082406,63456988
tt0163676,5280035
tt0096933,46212055
tt0267913,275650703
tt2238050,469701
tt0770752,70231041
tt0155711,4488529
tt1790886,86907746
tt3640424,40098064
tt0486578,38810311
tt3498820,408084349
tt0093058,46357676
tt0116839,2409225
tt0084503,22265763
tt1667889,877244782
tt1302011,665692281
tt0051201,7693
tt0408306,47403685
tt0045152,1865056
tt0086494,23646952
tt0280665,6630252
tt1878841,10898293
tt0337917,16951702
tt0104868,50752337
tt0400717,85105259
tt0120902,83898313
tt0085407,20766616
tt0458455,28748076
tt0192111,13127022
tt1638355,45445109
tt2387433,27858103
tt0105399,8359717
tt0089853,10631333
tt0093886,40050884
tt1569465,24022125
tt2980210,9169507
tt2150209,6130561
tt0038787,113061
tt3417422,13076265
tt2170439,54445357
tt0093565,80641169
tt0070518,7717
tt0104804,4096030
tt0421238,5048693
tt0095179,19170001
tt1439572,933352
tt0092897,10348437
tt0095904,345704
tt0107745,6582052
tt1303828,44462
tt1319744,286457
tt3660770,16839663
tt0080455,57229890
tt0097438,2777280
tt1615147,5354039
tt0903943,57805
tt0204175,25850615
tt0811066,9291694
tt0092974,23509382
tt0284490,77885672
tt1719071,8464
tt5442308,66736633
tt2488496,936662225
tt0086374,1362303
tt0077838,340687
tt0117731,92027888
tt0097733,227853986
tt0098282,46908987
tt3469046,264624300
tt0111546,65352
tt0327679,27388767
tt0448134,3675753
tt0097240,4729352
tt1959438,14752
tt0070666,29829963
tt0247196,8601053
tt0907657,9439923
tt0090887,13167232
tt0402057,92076
tt0131857,7027290
tt0106912,19885552
tt0462229,8135024
tt3717252,81093313
tt0058534,7194000
tt2083379,5750
tt1020558,6890432
tt0086429,2044892
tt2107648,4534
tt1185420,17779520
tt1181614,1742215
tt0062824,3110000
tt0447016,23728
tt0338135,8544975
tt1114277,783969
tt3717016,234417
tt1663143,9409538
tt0076489,41687243
tt0108596,278720
tt1645131,2966268
tt0477071,84297309
tt0125971,7302522
tt4034354,4935501
tt0216216,96085477
tt0839980,44004502
tt0089695,4662137
tt1151359,70066
tt0099128,19740070
tt0042876,46808
tt0338216,8461686
tt0240900,6413915
tt0108525,48198019
tt0338466,65784503
tt0102178,3106559
tt0114666,5830454
tt0970416,79366978
tt1386588,170458922
tt1549589,3822241
tt0118842,12021272
tt0084516,77142388
tt0088939,98467863
tt1568921,19587032
tt0339727,174318
tt0098663,14278900
tt1077368,79727149
tt2908856,4013786
tt0421229,4009677
tt0349903,362744280
tt0106505,2570550
tt0314871,160291
tt1132193,230600
tt1018818,69564
tt2403021,7192291
tt0118615,65885767
tt0108148,14694904
tt0066826,6446
tt0376541,33987757
tt1612774,101729
tt0096754,90000098
tt3614530,2333684
tt0105267,147724
tt0082250,16100000
tt0448124,26651
tt0448011,79957634
tt0284494,249204
tt0105665,4184123
tt0172495,465364545
tt0297753,8593
tt0187393,215294342
tt1430612,71416730
tt0078718,33300000
tt0158811,22323612
tt0104298,1119368
tt1674771,49263404
tt0398286,592462816
tt1179947,92234
tt1608290,56722693
tt1503774,167508
tt1480658,45778
tt1411697,586764305
tt0142192,24493601
tt0085636,14400000
tt1193631,42400223
tt0096193,4594452
tt2334649,17385830
tt3741834,51738905
tt1838544,19767535
tt0080437,7206823
tt1228705,623933331
tt0088272,48143579
tt0120694,55041738
tt0942385,195702963
tt0200550,60786269
tt0114898,88246220
tt0092842,2413427
tt0479647,12735126
tt0119640,4529843
tt1192620,28682
tt0317919,398479497
tt0096926,117463
tt0822854,95696996
tt1440232,53319615
tt0844993,29985033
tt0085271,10219460
tt0099371,82670733
tt0110413,19552639
tt0107750,3283371
tt0093737,13290368
tt0083006,10851261
tt0118127,44052
tt0476527,718956
tt0356910,487287646
tt0393162,76669554
tt1935896,23589
tt0454921,307127625
tt1426362,33217
tt1149361,16979882
tt0770772,13369768
tt0090693,4865912
tt2883512,48428048
tt0800039,63172463
tt0959337,75981180
tt4572792,4596705
tt0857190,7708312
tt1798709,48517427
tt2326612,2096212
tt0080754,8894289
tt0081455,14225876
tt2765340,114926694
tt2034031,2379154
tt0058404,3942
tt1877832,746045700
tt0095953,354825435
tt0080474,37121708
tt0133046,8951935
tt1170391,38098
tt0198021,40863718
tt0118826,877862
tt1828995,498584
tt1567233,739561
tt0194218,779137
tt3667798,208959
tt1456661,50433
tt0314331,59696144
tt0113199,3941146
tt0091817,2015882
tt1605630,57011521
tt0097523,222724172
tt0097239,145793296
tt0102526,47624353
tt0499375,24108727
tt0120757,13263993
tt0422091,7312209
tt0484740,4607608
tt0249371,731277
tt3086582,47289937
tt0094669,960040
tt1010048,378410542
tt0083866,792910554
tt1740047,3945217
tt1028576,60321861
tt1270262,5728213
tt0402910,7000248
tt3612616,3494070
tt2083355,72835710
tt1060249,5476404
tt0093693,26713187
tt0808506,873435
tt0042332,96383330
tt0250202,1051948
tt1490017,468060692
tt0082096,11487676
tt1148165,6812530
tt2267968,521170825
tt0273607,299171
tt1723642,50146474
tt0406816,94973540
tt0119578,2977807
tt0110955,11439193
tt0083906,123572
tt2802144,414351546
tt0072308,116000000
tt0117060,457696391
tt0105435,51432691
tt1000769,20450
tt1731697,1544989
tt0485947,3622
tt0093137,13839404
tt0397065,68766121
tt0099204,27627310
tt2528814,64676349
tt1533749,66099
tt0948535,851540
tt1133985,219851172
tt0443272,275293450
tt0101414,424967620
tt2179136,547426372
tt0278435,51806184
tt0092666,39337581
tt0085154,17233166
tt0203009,57386607
tt0854678,294309
tt0332605,57862
tt0844479,7712114
tt0120148,11841544
tt0330069,604856
tt0409345,27349
tt2304933,34916787
tt0082329,32492674
tt0452624,5914908
tt0337579,65991448
tt1727770,6303792
tt3181776,789406
tt0080549,67182787
tt0116353,269300
tt0145734,3970078
tt1327773,177313795
tt0118661,23384939
tt1932718,3499442
tt0101410,6153939
tt0117924,4189233
tt1912398,393880
tt0113500,17014653
tt0114746,57141459
tt4048050,269144
tt0102655,14061361
tt1045658,236412453
tt4387040,9323484
tt2059255,7699095
tt0055928,16079357
tt1272018,15274292
tt0765476,51339567
tt2911666,86081711
tt0160127,264105545
tt0490204,22242388
tt1758692,3852409
tt1828959,1583687
tt1013743,76423035
tt1980929,65652908
tt1450328,369129
tt0926084,977043483
tt2978102,243793
tt1179056,63075011
tt0084649,14665733
tt0165710,4217115
tt0411951,1697207
tt0096219,3468572
tt0095776,74151346
tt0370032,31070211
tt0078721,74865517
tt0441796,27298695
tt0952640,365352546
tt1403981,56032889
tt0090966,62134225
tt1126618,60040976
tt0113986,69684532
tt2490326,60058
tt0834001,92158961
tt2177771,78031620
tt1891769,22313
tt2870612,41898409
tt0219822,705308
tt2714380,2297261
tt0093418,34377585
tt0422295,2312717
tt0119095,14059077
tt0096446,57269863
tt0369610,652385625
tt1124039,666009
tt1815717,80038
tt0099703,13446769
tt2425486,6461559
tt3395184,49970
tt0104928,13351357
tt1046947,32568427
tt0139414,56870414
tt0117381,56116183
tt0456396,651941
tt1399683,6531503
tt0084472,2270
tt0422783,187581
tt1867093,2521
tt0120669,10680275
tt0112579,71516617
tt0416044,5705761
tt1411250,98337295
tt0389557,4398532
tt0133189,299569
tt1571249,5776640
tt0817177,4225921
tt0101412,869325
tt0342735,78378
tt1075114,5788176
tt1418377,76801179
tt0098453,27843
tt1966566,68316452
tt1925518,3399790
tt0405699,2617287
tt0105078,1659542
tt0145531,89446268
tt0112857,16140822
tt0337868,38307
tt0120190,7575028
tt0110146,21355893
tt1613062,342202
tt0040522,428978
tt0379865,41319039
tt0342167,2707738
tt3534602,774780
tt0146882,47126295
tt0080116,2411145
tt1640459,748453
tt3399024,39178695
tt0385004,92863945
tt0109456,19726050
tt1560139,43551154
tt0168629,4184036
tt1853728,426074373
tt0993789,7356393
tt0416292,2658588
tt0938330,55362705
tt2380247,325653
tt0335563,2466444
tt0355295,37916267
tt1853614,71712
tt0446013,30984583
tt1267498,4326733
tt0222851,450594
tt0364725,168423227
tt0309530,39468111
tt1568346,232617430
tt0988045,524028679
tt0264464,352114312
tt0070328,35382710
tt1172991,8087000
tt0120655,31429330
tt1335975,38362475
tt0205000,92938755
tt0859163,403449830
tt0068699,15706540
tt0315642,5633588
tt1714209,303877
tt0120696,19870567
tt0086325,5678950
tt0096487,45661556
tt0119683,14096321
tt0104694,132440069
tt0436331,18245244
tt0095925,4385516
tt0120008,19204929
tt1638002,25574387
tt1512201,309717
tt0097216,37295445
tt0379786,40445129
tt0275688,70569
tt0129280,28544120
tt0104850,14358033
tt0118715,46748672
tt1374992,22187813
tt0055614,44063177
tt1438463,19487557
tt0457400,68777554
tt3433074,31116264
tt0084268,946461
tt0090710,1142243
tt0171359,2046433
tt2167202,11806432
tt0481499,587205319
tt2545118,2303417
tt1355631,21011110
tt0095159,62493712
tt0107529,9532895
tt1924429,24261569
tt1261945,95347692
tt1924394,346669
tt0160338,635680
tt0076263,468460
tt0088006,1142944
tt0376136,30134958
tt1446192,306941670
tt0118880,224012234
tt0097770,22099847
tt0251127,177502387
tt0117666,24444121
tt2290828,43171
tt0096426,808114
tt1002563,7330338
tt0117603,41590886
tt1211956,25135965
tt1712261,23177948
tt0286917,307070
tt0461892,3013
tt1053424,18409891
tt1840417,15950164
tt0169102,909043
tt1321509,49050886
tt0061722,105015008
tt1403865,252276927
tt1555149,63618850
tt0109635,83015089
tt0119488,64616940
tt0104265,28590665
tt0200720,5164404
tt0113691,7603766
tt0141098,93900680
tt0089981,8622757
tt0137338,6852450
tt0443295,72662923
tt0963178,60253843
tt0077369,22765081
tt0165643,5541431
tt0082288,14110013
tt3338310,4222736
tt0080881,10000000
tt0242193,704808
tt1247690,5092129
tt1235796,550472
tt0264616,17423030
tt0482527,848
tt0382628,68357079
tt1791528,8110975
tt0300556,43935763
tt0089421,15057465
tt0115531,1910
tt5764024,5445281
tt2070649,30996130
tt3733778,2914020
tt0093986,406881
tt0227984,5204007
tt0423169,622806
tt0491152,65100369
tt1441326,4778439
tt0414951,381420
tt2244901,34657
tt0465142,7191830
tt2342810,2180341
tt0076723,28000000
tt0120630,224834564
tt1452628,22729
tt0400598,1488939
tt0058329,7958
tt0393329,936542
tt0120815,482349603
tt0469903,9808124
tt1844048,404117
tt4513674,43763247
tt3622592,85512300
tt0093748,49530280
tt0110066,26325256
tt0106770,63513743
tt3716530,2341534
tt0144084,34266564
tt0217107,1161843
tt0843326,650000
tt0376108,17492014
tt1619029,29777777
tt0800240,4598506
tt0103874,82522790
tt1623288,56003051
tt0217869,95011339
tt1872818,327345
tt0381707,70831760
tt1725795,221894
tt1059786,178767383
tt1398426,201634991
tt0101516,49114016
tt0257044,181001478
tt0498380,68673228
tt0094226,76270454
tt0067328,29146131
tt0066892,28623900
tt0081071,15795189
tt0366551,23936908
tt0420293,663114
tt1628841,389681935
tt0397892,309979994
tt1711525,54767494
tt1839654,123821
tt0120094,35281794
tt0304141,796246544
tt3172532,1775133
tt1245736,2031554
tt0368578,97918663
tt0071771,43008075
tt0428803,77437223
tt0430308,46563961
tt0120903,296339528
tt3001638,839840
tt0120890,30163576
tt1253864,83504017
tt1234654,6344112
tt0084412,21095638
tt0063350,236452
tt0211933,32730062
tt0444653,18586834
tt0120632,78685114
tt0408839,36787257
tt0094783,784990
tt0083658,41676878
tt1631867,370541256
tt1182908,7274081
tt0086927,38435947
tt0110091,1760527
tt1547234,31083599
tt1695994,636706
tt0092115,5450815
tt0086366,15543710
tt0318034,8690168
tt1700423,22194574
tt0443456,930469
tt0088146,21821347
tt0172156,273339556
tt0094597,2955917
tt0102803,46704056
tt0115433,320689294
tt3628584,55030051
tt0113277,67436818
tt0083791,41630431
tt0060196,25253751
tt0993842,63782078
tt0116324,14702438
tt0085549,92921203
tt0375611,754819
tt0275719,515900
tt2219514,3197615
tt0410097,23563727
tt0497137,4642401
tt0123755,565727
tt0378109,46117696
tt0103924,22518097
tt0468565,9891303
tt0250494,96520674
tt1164092,82553
tt0090685,91258000
tt0091763,138545632
tt1084972,8804308
tt0488478,7537453
tt0848557,958961
tt0455538,2778752
tt0125209,345478
tt0100436,11541758
tt0062622,65783344
tt0150338,39842
tt1622547,40662632
tt0113729,15453274
tt0309987,2532228
tt1615918,342695435
tt0084814,9056073
tt0074486,23557
tt0109206,399748
tt0473064,51127401
tt0396752,47144110
tt0452623,34612443
tt0960731,212874864
tt0476964,69787394
tt0021749,46008
tt1258972,20546518
tt0071807,20972000
tt2183034,45681062
tt1772288,5637066
tt1186367,61601280
tt2115295,1674776
tt0065134,5050000
tt0421073,66476363
tt1582248,68945
tt0316732,71255003
tt0944835,293503354
tt0104187,40693477
tt0250282,28149
tt1241316,18000
tt0113161,72101622
tt0057115,227940
tt3702652,3000342
tt1612782,1081
tt0119664,32000301
tt0115640,1548120
tt0398017,57479076
tt1876451,24637800
tt0473709,265198
tt0106535,322975
tt0087538,91119319
tt1366338,6312033
tt0043278,272619
tt0396171,2223293
tt0107688,91491247
tt0088847,51525171
tt0452694,63414846
tt0192335,507941
tt0107426,4858139
tt0105629,23278931
tt0108171,18994653
tt0425598,12051924
tt0297144,27570076
tt0430431,13728450
tt0170811,12000000
tt0101701,5546827
tt0069704,115000324
tt0047811,170
tt0095088,5596267
tt0243155,71543427
tt0096171,7467504
tt0107630,27804899
tt1373156,3627172
tt0112870,74965
tt0420238,86957280
tt0808151,485930816
tt0108052,96898818
tt0461770,340487836
tt0424992,3743833
tt2294629,400953009
tt5082014,46083
tt1212419,32746941
tt0177789,90683916
tt1937339,51116421
tt0110729,1608570
tt1602472,633210
tt0358349,28818995
tt0098360,1960
tt3276924,50136
tt0907119,5247719
tt1924435,82390774
tt0325703,65660196
tt0492619,245292
tt0272152,65001485
tt0329717,51142659
tt1673434,829747654
tt0095963,34994648
tt0299117,1934497
tt0119079,206128
tt0117038,95318203
tt0104040,25105517
tt0033467,1600719
tt0104692,32100816
tt1028532,46749646
tt0110455,920916
tt0167404,672806292
tt0113409,8924549
tt0099611,205068
tt3544112,3237118
tt0299658,306776732
tt0887971,498088
tt0120122,375261
tt0120647,349464664
tt1856053,23785681
tt0100301,11359129
tt0110638,33683817
tt0102900,11511031
tt0037913,10128
tt0356614,779036
tt1023441,6055859
tt1478964,6206022
tt2363213,3721345
tt0821640,55250026
tt1057500,37491364
tt0164052,73209340
tt0080365,22743674
tt0119174,48323648
tt0155722,646532
tt2674426,56245075
tt0043686,19889
tt1185834,68282844
tt0458242,1615018
tt0103640,259311
tt1204342,88631237
tt4936450,2015002
tt0062994,52224636
tt0118689,45319423
tt0452594,205668210
tt0098384,96759512
tt0096030,8892589
tt0804507,58669
tt0810784,4444637
tt0117218,273961019
tt0460745,338440
tt0119349,8038061
tt3014866,38803993
tt0304669,172855065
tt0479143,70270943
tt3182620,904399
tt1935859,87242834
tt0315297,40954603
tt0395169,33882243
tt2660888,343471816
tt1974419,3377430
tt2080374,34441873
tt4438848,55455765
tt0120844,70187658
tt1155705,38231562
tt0093177,14575193
tt0149691,23631929
tt2978462,57824533
tt1245492,126041322
tt0439182,3135
tt4116284,311950384
tt0258000,96397334
tt0093220,7800000
tt1777595,1064454
tt0315327,484592874
tt0105477,70611210
tt0086567,79567667
tt0118925,676631
tt0787475,14353654
tt1504320,427374317
tt0245046,741394
tt0245429,355475917
tt0094169,858250
tt1230215,636399
tt2391821,3013544
tt0102426,4532791
tt0119698,4845631
tt1213644,34816824
tt0052357,7797300
tt0100608,458996
tt4799050,47347283
tt0170016,363597184
tt1735898,396592829
tt0119822,314178011
tt0115610,1060264
tt0089114,9873044
tt3660370,1341430
tt1311060,175705
tt1262416,97231420
tt1067583,58709717
tt0182295,299792
tt1144884,66477700
tt1407065,413035
tt0083619,1736123
tt0800241,5926410
tt1204977,50856010
tt0401855,62318875
tt0344854,15132763
tt1201167,71585235
tt0376196,1797256
tt1794850,40928635
tt0120706,1214198
tt1470827,5060438
tt0107614,441286195
tt1298649,68267862
tt0444182,320700
tt0086034,67893619
tt0076618,71215869
tt0450385,71985628
tt1194417,1230933
tt0110678,15339030
tt1753722,1647168
tt0074174,32211330
tt1172570,2260712
tt0183523,60883407
tt1837709,30800231
tt0480242,68474305
tt0117104,10082005
tt2281587,80383113
tt0117477,1979768
tt0109067,21011318
tt1041829,317375031
tt5023260,2982004
tt0038499,20428771
tt0084786,16894678
tt0970866,310650585
tt0371724,51085416
tt0078740,13015688
tt0097334,2420917
tt0300051,35492921
tt0446059,68072848
tt0085615,15856028
tt0116985,502313
tt1990352,80996
tt3183660,814044001
tt0255589,24963
tt3896100,6690
tt0369702,43731621
tt1085492,1289595
tt1611224,37519139
tt3521164,643350998
tt1392214,61002302
tt0417217,30526509
tt0287467,9357911
tt1741273,34854990
tt0269095,29676703
tt0117791,2021348
tt0063442,32599045
tt0825232,93466502
tt0120255,3263585
tt0443465,462875
tt1412386,46412041
tt0110005,3049135
tt0377818,80270227
tt2316411,3468224
tt0120915,474544677
tt0261289,20146150
tt1100119,28972508
tt0488798,31203567
tt5700672,92764199
tt1187043,6532874
tt3253930,9014591
tt0342300,69544
tt0445946,5549200
tt0053285,51600000
tt0115986,17917287
tt0445620,3579902
tt1637688,37520095
tt0094919,3813293
tt1349451,175706
tt0221073,238471
tt0114108,3983912
tt0038650,6184298
tt3286052,38348
tt0116136,51367375
tt2582782,37879877
tt0367479,62657868
tt0253754,67336470
tt0057546,12000000
tt2788556,4644525
tt1615065,82966152
tt0118589,5271666
tt0349260,163893
tt4851630,22361
tt0424095,64665672
tt4669986,7751969
tt3393786,58697076
tt1620464,1467643
tt1682180,1714221
tt1530975,58585
tt0409459,185382813
tt0103064,520881154
tt0085995,61399552
tt1498569,2518012
tt0395972,25211175
tt4515684,82392
tt3095734,64493915
tt0101811,13200170
tt0082334,13277558
tt0118158,10292300
tt1277953,746921274
tt2717558,472890
tt1272014,1712362
tt0070034,42805
tt0107953,54207
tt0187078,237202299
tt0082010,30669378
tt2717822,8005980
tt2394063,60438
tt1541160,5043
tt0479884,42931041
tt0243604,869
tt0086973,18644570
tt0460829,861355
tt4434004,359891
tt1093357,64626786
tt0246464,8493890
tt0080749,21448782
tt1023114,2701859
tt0335121,30120671
tt3577624,4069691
tt1247640,36136
tt0097758,793775
tt0119784,125397
tt1951264,865011746
tt0089167,3333306
tt1638364,594394
tt0120389,9615840
tt0430922,92649419
tt1623008,21620
tt0285728,144008
tt0112471,5987386
tt0083336,10626725
tt0426459,719135
tt2404425,61619773
tt0804522,9736045
tt0056085,76729
tt0377062,35021497
tt0327850,80981914
tt0080377,70687344
tt0322259,236350661
tt0103060,78656813
tt1322269,74188937
tt0098258,21515196
tt0120857,14401563
tt0343121,7808524
tt1480656,763556
tt0120609,27007143
tt0106664,10611160
tt0107983,3275585
tt0114296,12096881
tt1562568,841733
tt0079180,9346177
tt2446042,89256424
tt0120004,33956608
tt0095736,6264058
tt0464141,78638987
tt0082507,2154696
tt0427954,27165581
tt0102753,6266621
tt0077631,396271103
tt0449010,75030163
tt0083967,5000000
tt0490170,4434151
tt0082416,26890068
tt1216492,32686500
tt0176269,10667893
tt0245280,21520596
tt0032455,76411819
tt0418689,65900249
tt0340163,77663556
tt2547584,25975621
tt0876563,204826668
tt0089841,26657534
tt0497465,96409300
tt0105824,5519569
tt1453405,743559645
tt0105236,2892430
tt0120741,19889299
tt0493405,26800152
tt0086058,6486797
tt0396555,97822171
tt1058017,32406507
tt1366344,34942188
tt0113677,1111790
tt0164212,260562
tt0109303,30156002
tt0398913,7563172
tt0438488,371353001
tt0104321,1342613
tt1512685,16934369
tt0332280,81001787
tt0388980,15431177
tt0133152,362211740
tt0080736,16647800
tt2072233,32917353
tt2763304,41681746
tt1276419,1546761
tt2274570,19613
tt0110632,50283563
tt0110044,713234
tt0314786,26891849
tt0122718,54682547
tt0458413,7257942
tt0088765,2685453
tt0362478,33334176
tt0298744,2704951
tt0050783,755319
tt0373889,942172396
tt2631186,6738000
tt0087365,45858563
tt1740710,496172
tt0364045,65470529
tt0119324,626057
tt0298814,73498611
tt0388500,37245453
tt0937237,784604
tt0086393,59950623
tt0453556,95802916
tt2980648,89514453
tt0330373,896462886
tt1405500,37981984
tt0114682,47774193
tt1915581,167739961
tt2180411,212902372
tt4272866,49768644
tt1392170,694394724
tt1465522,5224938
tt1614989,18962444
tt0414993,16468343
tt0120769,10452012
tt0071402,22000000
tt1316622,8020
tt1531663,2820490
tt1617661,47387723
tt0401711,4899278
tt1171701,15291338
tt0081505,46998772
tt2059171,826913
tt1267500,3085940
tt0119746,523025
tt0107818,77446440
tt1464540,55100437
tt0092850,2750741
tt0087928,81198894
tt1790809,794881442
tt0111201,7770731
tt3110958,65075540
tt1694020,41863726
tt0106393,6608687
tt1373243,3958561
tt1517489,85564310
tt0095990,9205924
tt0091541,54999651
tt2562232,42340598
tt1049413,735099102
tt1132626,56746769
tt0100240,17373527
tt1151309,308575
tt0117011,14502483
tt1723120,61759
tt3668162,180217
tt1129442,31715062
tt0082351,17583634
tt0102175,43882682
tt0357413,90709367
tt0073018,12484444
tt0472071,8396245
tt1549571,133771
tt0190374,33978694
tt0099938,91457688
tt4120176,5638693
tt1954470,4384642
tt0259711,203388341
tt0072226,7504841
tt0090180,17307019
tt0459759,12859418
tt0230169,5708
tt0094924,6908797
tt2210834,30283
tt0377107,7535331
tt1764183,7919574
tt2515034,24177137
tt0432021,50648679
tt3675748,12756
tt0085642,114247
tt0105690,83563139
tt0162661,206071502
tt4191054,13603453
tt0212720,78616689
tt3714720,1138609
tt2064728,2252547
tt0092632,18753438
tt0110186,20851521
tt0305711,56127162
tt0841027,2052190
tt0091369,13915874
tt0814022,42487390
tt0416496,18381890
tt0091557,14302779
tt4832640,92539463
tt1302067,203509374
tt0464154,83188165
tt0176783,5108820
tt1907707,156996
tt0858479,9511289
tt3863552,8178001
tt0085694,10604986
tt0463034,75628110
tt0373883,80460948
tt1698641,66954149
tt1054606,7689607
tt0089243,5730596
tt1386703,58877969
tt0122459,36609995
tt1598778,75658097
tt0104549,11390479
tt1054122,14456963
tt0944114,667849
tt0086450,13030214
tt1937133,9572
tt1462411,37466
tt0296572,57761012
tt0278504,67355513
tt4337072,1713406
tt0087262,17080167
tt1327194,99357138
tt0335013,6415017
tt0088011,86572238
tt4465564,381545846
tt0104107,4836637
tt0424993,38395414
tt0102926,272742922
tt0407304,603873119
tt1139328,60331447
tt0425430,55060212
tt1313139,366377
tt0430912,5971336
tt1210166,75605492
tt0120685,379014294
tt0091836,2510433
tt1001508,93953653
tt0075005,60922980
tt0084787,19632053
tt1051907,14760067
tt0107211,266614059
tt0098206,30050028
tt0118883,75982834
tt0796302,44852
tt1596345,5578519
tt0427229,88715192
tt1524930,58884188
tt2377938,647074
tt0097390,2983784
tt0116778,25023434
tt0427327,203553311
tt0075213,8091910
tt0083943,46708276
tt2582426,2710
tt0407887,291465373
tt0420332,6887221
tt0796366,385680446
tt1068646,3766810
tt0109575,3129045
tt2305051,52501541
tt0091605,7153487
tt0271946,790144
tt0065702,25948300
tt0437857,69136
tt0936501,226837760
tt0079574,70308099
tt0087175,12145169
tt0087747,25068724
tt4428788,8754356
tt3608930,61797
tt0120802,10019109
tt0347246,9789651
tt0102996,7683267
tt1286798,369742
tt1270761,38269529
tt1454029,216639112
tt0110006,17689177
tt1216496,551509
tt1196134,88335
tt0320661,47398413
tt1161864,96560591
tt0365748,30097092
tt0129387,369884651
tt0195945,59827328
tt0395119,23482607
tt0290673,792200
tt0193997,264596
tt0363988,92913171
tt0810819,64191523
tt0119780,214661
tt0414387,38405088
tt1445208,1647416
tt0465602,27122238
tt0465502,30893885
tt0110857,126247
tt1521848,32309881
tt4216934,9127383
tt0086014,6670680
tt0116409,38619405
tt0481369,77677553
tt0409527,143655
tt0107207,65796862
tt0097328,12195695
tt0117039,11135803
tt0095742,49369899
tt0116253,56569216
tt3715320,4030360
tt0800369,449326618
tt2371834,6701
tt2387559,53120346
tt0308353,38085778
tt0780608,9397
tt0485985,50365498
tt0382625,760006945
tt2328813,28608
tt1668200,7693187
tt1653690,2340516
tt1291580,13352609
tt0130827,7267585
tt0114095,472370
tt0347149,5576743
tt0102057,300854823
tt2382009,4934725
tt0082748,2032311
tt0402901,33296457
tt0307987,76490720
tt0122690,41616262
tt1990314,4806423
tt1127180,90842646
tt0104714,321731527
tt0472181,563749323
tt0115624,3793614
tt0209144,40047078
tt0080117,14492
tt0482606,82410456
tt0083798,18196170
tt0052225,458609
tt0085248,12049514
tt0075686,38287178
tt1240982,28013733
tt0061184,28005068
tt2011971,9074711
tt0165982,80773077
tt0086491,29450919
tt0160184,79161
tt0340110,2146843
tt0094737,151927281
tt1836808,6202879
tt0119743,417683
tt0455499,28426747
tt0091203,5900000
tt0080745,27181270
tt0831887,39164441
tt1033643,80277646
tt0084628,30878
tt0087062,38348988
tt5323662,644391
tt0084296,20659423
tt0938283,319713881
tt1535438,63536011
tt0101912,22773535
tt0384286,32586408
tt0765010,43474578
tt0119643,44619100
tt0092965,22238696
tt0758746,91509154
tt0108258,4916135
tt4535650,4871263
tt0873886,1874460
tt1535616,145676
tt0906108,55862886
tt0473075,90759676
tt0859760,6875089
tt0424774,71992655
tt0843358,246574
tt0089218,63980721
tt0114887,50008143
tt1161064,30955
tt0337909,93400759
tt5362988,43980821
tt2279373,325186032
tt0101761,34416893
tt1629705,987883
tt0203540,1961054
tt0283111,38275483
tt1691917,90288712
tt0339034,4928883
tt0480687,86157237
tt1791614,28378
tt0088194,8089290
tt0301976,343847
tt3425034,6549909
tt0102138,70405498
tt2567712,54915
tt0248667,87812729
tt0989757,80014842
tt0087015,4654423
tt0114369,327333559
tt1527186,3030848
tt0120646,28121100
tt0103859,70052444
tt0408790,89707299
tt0104006,21591728
tt0213203,76507756
tt2298384,8425
tt0913354,22942221
tt0420223,53653224
tt0171433,59945183
tt0077394,26518355
tt5013056,526949403
tt1043726,61279452
tt0084805,177200000
tt0081554,10389003
tt0062794,18530000
tt3595298,52715771
tt0878804,309208309
tt0099768,1030938
tt1019452,9228768
tt0055572,100728
tt5770620,2216083
tt2245084,657869686
tt0332658,896993
tt0477080,81562942
tt4158624,680351
tt0206634,70595464
tt1232106,11095236
tt0433386,70711175
tt2381941,53862963
tt0245891,1047553
tt0083001,110048
tt2312718,48449416
tt0253556,82150183
tt0197384,26394
tt1273678,66166000
tt0100157,61276872
tt0162710,2087228
tt0084917,29712172
tt0104348,10725228
tt0120483,13717039
tt5442430,30234022
tt2243537,60159584
tt1714866,190022
tt0325710,454627263
tt0080339,83453539
tt0104892,1102469
tt2106476,613308
tt0101258,3101890
tt0015864,26916
tt0298203,242875078
tt0078723,92455742
tt0374563,2626800
tt0166110,8378853
tt0120657,61698899
tt0926129,57197876
tt0079501,8773197
tt2223990,29824199
tt3338268,1982480
tt0790636,55736588
tt0981042,352810
tt1185431,3167681
tt1024715,3982459
tt3289956,6170043
tt1152822,122216
tt0347048,435395
tt0427152,86855739
tt1704573,9206470
tt0268695,56832494
tt0109450,1007583
tt1483013,89107235
tt0974661,64167069
tt1103273,14351
tt0322802,79493831
tt0087482,12414210
tt1623205,493311825
tt4298958,4728350
tt1334479,1134623
tt4273562,7445186
tt0085255,42313354
tt1267297,72688614
tt0138537,34857
tt1754656,97571250
tt0099654,25421633
tt0065988,31559552
tt1540741,18642
tt1247704,18000
tt0114609,11837928
tt5157018,4944513
tt0356618,67133509
tt1391092,112036
tt0024034,1600
tt0104802,6742168
tt1031969,8808935
tt0462703,5568811
tt1186830,619423
tt0337692,9617377
tt2406566,51687870
tt1320244,69432527
tt0398808,82272442
tt2870808,8265
tt0073486,108997629
tt0093692,16057580
tt0055254,215880014
tt1976608,906666
tt0373926,72708161
tt1109624,76271832
tt0099750,4134992
tt0087800,25507137
tt0053604,18778454
tt1091617,7720487
tt3704538,82409
tt0277027,97818139
tt2215477,4840059
tt1478338,288383523
tt2094766,54647948
tt0083960,6660333
tt1244668,276901
tt1285016,96962694
tt0089175,24922237
tt0085891,10964740
tt1196340,80112
tt0120601,23106667
tt3416744,3072991
tt0104558,16270600
tt0286716,245285165
tt0029453,155895
tt1180583,921007
tt0093777,14182492
tt0787474,50837305
tt0190332,213525736
tt1602613,779188
tt0090670,2347000
tt0088103,5778353
tt0120772,46905889
tt0134619,17514980
tt0119094,245676146
tt0790686,78094714
tt2140373,83301580
tt0112373,1310200
tt0106926,9709451
tt1720182,5396618
tt0360216,38585
tt1772230,3807134
tt1379182,636686
tt0287717,85846429
tt0094008,10278549
tt0117008,33459416
tt0442933,82280579
tt0188128,46352
tt0190641,85744662
tt0249516,120141
tt2239832,70181428
tt0460611,1325092
tt0120184,37020277
tt1220628,1429299
tt0846040,255620
tt0108592,3560604
tt0409182,60674817
tt5251328,66207073
tt3279124,466114
tt2239400,14056
tt0804516,7766240
tt1213648,8307227
tt0107076,74189677
tt1201607,381409310
tt0088206,14296438
tt0055100,16937969
tt2975590,873637528
tt0471030,154892
tt0406759,58010320
tt1854513,279735
tt0765128,83090556
tt0080798,4059673
tt0109198,15240435
tt0392465,84447
tt0383060,12506362
tt0086346,16478265
tt1034032,40828540
tt0346491,34297191
tt0460989,22903165
tt0499549,760507625
tt0049778,9528
tt1212909,54058
tt0184894,99274467
tt1727388,26474920
tt0414055,75782758
tt0107254,15935068
tt0266308,958989
tt1027862,17635397
tt0070707,18344729
tt0110882,763847
tt1226240,6303709
tt3707106,538460
tt0199725,27728118
tt0054698,359358
tt0090756,8618029
tt0403508,42013878
tt1024943,39997274
tt2309224,33232
tt0068473,4534
tt2938956,72629670
tt0113972,8175346
tt0077651,47160000
tt0443680,3909149
tt0101898,2415396
tt0099423,240031274
tt1810683,6485961
tt0079367,73691419
tt0120616,415933406
tt0120693,17460020
tt0816692,701729127
tt3014666,10536956
tt3335606,397783
tt0134847,53187659
tt0302640,54639553
tt2140379,31807156
tt1772925,2692864
tt1747958,42472
tt0095629,1328001
tt0089881,4164283
tt1279935,98711404
tt0241527,318087620
tt0110518,1220842
tt0078444,24000000
tt0289848,55003135
tt0145487,825025036
tt1405365,3640975
tt0102603,23562716
tt0481141,92601050
tt0276919,16689283
tt2126403,784111
tt0191076,316043
tt4276820,24121245
tt0097579,20047604
tt0100477,27931461
tt1307068,7078738
tt0118954,10686841
tt3129564,4207242
tt0188640,12924063
tt0088850,45833132
tt0417385,96464
tt1441912,4430765
tt3754940,9027600
tt0120907,2856712
tt0470765,5925637
tt3922818,7885294
tt0960790,81744033
tt0089222,10806919
tt0120478,7029025
tt2821088,439935
tt0252076,94011225
tt2131698,42330
tt0116040,33023469
tt0892767,2405815
tt0096734,49101993
tt2382396,373375
tt0036775,13886
tt0857265,4889751
tt0187738,82348319
tt1650062,260095986
tt0109593,63174
tt0120661,87178599
tt0280760,6919198
tt0408345,82751189
tt1662293,7886
tt1190080,791217826
tt3858372,8574386
tt0385002,3814717
tt0316465,53293628
tt0102558,8479793
tt0213790,13743212
tt0079758,18389402
tt0371246,55470154
tt0464049,2706659
tt0433416,20354321
tt1314228,85280250
tt1683876,338987
tt0361127,4678405
tt2822672,9420546
tt0107130,1677807
tt0077402,159822
tt2473794,3958500
tt0956038,84375346
tt0086006,55432841
tt2420006,82614
tt0328828,232722935
tt3045616,7696134
tt0351283,542063846
tt0101597,259012
tt0301727,34128314
tt0844471,243006126
tt0088930,14643997
tt2325977,17472
tt0090555,328203506
tt1702443,99036827
tt0101329,40766041
tt2375605,726324
tt0837562,358375603
tt0106489,17287898
tt0186566,90464773
tt0113855,70454098
tt0116531,21302121
tt1426329,356582
tt0182789,87423861
tt1823664,85911262
tt1621426,55282
tt0499556,40481352
tt0765429,269755430
tt0133093,466364682
tt2339741,48854305
tt0311113,93927920
tt0098577,725131
tt0356150,22605153
tt0444519,2674500
tt1535110,35100
tt1634003,32768940
tt0484111,508084
tt1649444,9600
tt1594562,78396
tt0087003,10600497
tt0280486,66200782
tt0387575,24829644
tt4950110,2082980
tt0060138,45406
tt0108308,42273609
tt3587128,574253
tt0323033,30031874
tt0094889,78222753
tt1720616,7251073
tt2268016,66013057
tt0453467,64038616
tt0111143,48063435
tt0089893,6951415
tt1559549,1436391
tt0141907,6719973
tt0088161,69821334
tt2883434,21833967
tt1212454,51138
tt0972558,23772559
tt0242587,1846059
tt0116191,22231658
tt0119668,25105255
tt1860152,453895
tt0124179,2057193
tt0373051,244232688
tt1687247,607169
tt2891174,1828232
tt1587422,2484095
tt0144964,15843608
tt0031381,402352579
tt0790628,27437881
tt0281680,1023156
tt0090567,5186646
tt2592500,12690623
tt1584016,3533711
tt1839492,9368803
tt1542344,60738797
tt1974420,3885342
tt0108207,3246063
tt2788732,76233151
tt0111301,99431786
tt0108037,34348443
tt0452702,35442935
tt1710417,455754
tt0120102,37957682
tt0237572,29419291
tt1673702,309973
tt0088758,1304192
tt2737310,253285
tt0078446,44364244
tt0083193,2028612
tt1228953,234540
tt0085980,22587834
tt1485763,49271461
tt0327597,75286229
tt3478962,8003331
tt0117883,14227
tt2282849,7893757
tt1232200,57719093
tt0107969,63179523
tt0087995,129000
tt3063516,151826547
tt2218003,6331939
tt0120595,69131860
tt1024255,21972336
tt2893490,459636
tt0086619,40218899
tt1041804,195459
tt0116743,4109095
tt0247199,416925
tt1370429,2017979
tt0986263,38577772
tt0323944,2944752
tt2293640,336045770
tt0449086,251495
tt1284575,216197492
tt0365929,17976667
tt0122151,285444603
tt1602098,7532259
tt0096028,2080758
tt0388888,228828
tt0425112,80743363
tt1197628,26973554
tt0120133,8345056
tt0440963,444100035
tt0166813,73280117
tt0486585,28497
tt1648179,73100172
tt1587707,5386242
tt0044079,534
tt0118772,11690
tt0110442,30626182
tt0120835,1782005
tt0189998,8293784
tt0443559,2961647
tt0045793,36416
tt1172049,4366460
tt2368672,23022738
tt1632708,55802754
tt2378281,44467206
tt1532261,2506211
tt2309260,42964410
tt0102713,74787599
tt0198781,579707738
tt0403016,3344431
tt2235779,8509867
tt0195685,256271286
tt0881320,23209310
tt0914798,9046156
tt1131734,31556061
tt1188996,42345360
tt1112115,105422
tt0499570,8965
tt0301470,63102666
tt3352390,3759078
tt0267287,449275
tt0150433,424798
tt0799949,87238158
tt0101272,191502426
tt0293508,51268815
tt0112641,42512375
tt4385888,7214806
tt1922685,1197759
tt2319580,4292517
tt2364841,62675095
tt0092603,4637920
tt0435528,5285197
tt0168501,34573780
tt0102685,83531958
tt0155776,3117085
tt0437447,3752325
tt0033563,3731
tt5129510,43635
tt1289401,229147509
tt0120910,90874570
tt0086618,4300000
tt1422020,465725
tt0093493,42721196
tt0073317,24441725
tt2097307,16816647
tt0760329,40946255
tt1655460,23812816
tt1265990,40492652
tt1391137,60673972
tt0101862,89325780
tt0111282,71567262
tt0415932,81698
tt0249380,940944
tt0313737,93354851
tt0145660,312016928
tt2369135,43577636
tt0376717,829140
tt0258153,9688676
tt2359024,993313
tt0082158,59303359
tt0097138,10166459
tt2402985,52909
tt1049402,617334
tt1536044,84752907
tt1531901,89237
tt0090583,38702310
tt0330702,337265
tt0477347,574481229
tt1423894,4439201
tt0085382,21156152
tt0433035,85468508
tt3530002,52395996
tt0113987,13681765
tt1339161,83451
tt0146309,66579890
tt1226229,91720255
tt0361498,42108
tt0765446,74939189
tt0078869,35841901
tt0107472,449707
tt3316960,44779195
tt1700258,50448784
tt4954522,514870
tt0056218,2757256
tt1596343,626137675
tt1219342,55675313
tt0119738,299288605
tt0087298,32980880
tt0065775,13300000
tt1523483,635162
tt0306047,220673217
tt4158096,3719383
tt0292490,316221
tt1758595,335359
tt0077531,20388920
tt0339806,87385
tt0465580,48858618
tt0062472,11990000
tt0361309,3361213
tt1996264,1386088
tt1865505,857522
tt0100258,5835247
tt0434124,9950133
tt1648190,50701325
tt0097116,22026369
tt2205697,977671
tt0089118,20603715
tt0118655,67683989
tt2404233,31153464
tt0094947,34670720
tt4094724,79213375
tt1198138,73830347
tt0072684,198992
tt4196776,415484914
tt0106521,1753979
tt0114113,2832826
tt0326208,31651
tt0119123,16228448
tt1259014,551697
tt0091790,40479480
tt0403217,463080
tt1067106,325286646
tt0348333,18637690
tt0086984,8801940
tt0421054,22984628
tt0999913,11168712
tt1790864,348319861
tt0099747,9645440
tt0380599,42580321
tt0120777,5881367
tt0128214,42953
tt0117589,13417292
tt0103007,11000863
tt1840309,288885818
tt0091064,60629159
tt1499658,209838559
tt2473510,78903124
tt0111400,16487349
tt0091981,1579260
tt0489237,47817020
tt0250223,3115188
tt1433108,35626958
tt1034303,51262751
tt0091530,17502499
tt3470600,634208384
tt0105459,5430822
tt0472043,50866635
tt0036868,23656620
tt0113347,41200020
tt0361596,222446882
tt0367085,14821824
tt0100944,10360553
tt0498353,35728183
tt0258273,4677852
tt2304771,8323085
tt2582500,6900335
tt0451070,5965
tt0049470,8190
tt4649416,42580920
tt0976247,52132
tt2042568,32960249
tt0160916,58900031
tt0105046,5471088
tt2334873,99104804
tt0390538,638521
tt6273862,76319
tt0248216,251877
tt0095631,81613606
tt0204946,90449929
tt0443473,8642858
tt0424880,45128
tt1972779,38609668
tt1564367,214945591
tt1540133,5360274
tt0758774,39394666
tt0209958,61334059
tt1895587,98690254
tt4079142,26632
tt0268995,37317673
tt2433040,1236094
tt1091722,17164820
tt4258292,841040
tt1480295,39881
tt5311514,5017246
tt0478970,519311965
tt1586752,538690
tt3797868,23079932
tt0406375,65079104
tt0381936,3278000
tt0369735,82931301
tt0100946,1218730
tt1694542,162756
tt0167260,377845905
tt1018765,8527658
tt0436339,292817898
tt0096289,4870903
tt1045778,62357900
tt0901476,58715510
tt0108174,11585483
tt1331064,1296971
tt0065207,7100435
tt0115759,70770147
tt1559547,60052138
tt0452637,72785169
tt3522806,21218403
tt0402894,37691644
tt0070735,156000000
tt3675568,308156
tt2355495,15071
tt2272336,9195
tt1198156,894964
tt0071604,28754
tt1094241,501360
tt0964185,518522
tt2278392,87097067
tt0494238,62803180
tt0426592,71571300
tt3483712,256978
tt1386932,205675
tt1045670,3512016
tt0265086,172989651
tt0116996,37771017
tt0098230,3169719
tt1176251,165888
tt0480255,29397654
tt0097814,10151019
tt1846472,85154
tt0109297,16696219
tt1876277,712216
tt0449487,5798974
tt1820555,1997922
tt0076009,30749142
tt1482459,348840316
tt1178665,37461274
tt0089560,48230162
tt0988595,76808654
tt0100332,3905297
tt0081383,14796236
tt0061473,36488
tt0119305,77910
tt0354899,4670644
tt2567026,77041381
tt0056241,4139
tt0099327,1494969
tt0089907,14237880
tt1723121,269994119
tt0071577,20563273
tt0072951,20000000
tt1047494,41975388
tt0089346,7562164
tt5595168,5725482
tt0111257,350448145
tt1323594,543113985
tt0253474,32572577
tt0102045,4654288
tt0200071,293092
tt1078912,413106170
tt0981227,33556631
tt2103281,710644566
tt0066999,35976000
tt0838232,76025134
tt1907731,25342
tt4726636,4925446
tt0492044,77578320
tt2726560,62944815
tt1456941,4936
tt3553976,5879835
tt0126029,487853320
tt1043451,879913
tt1210819,89302115
tt0120645,4356216
tt0142342,234801895
tt1333125,8840453
tt0112642,287928194
tt0100395,39071603
tt1305591,39233678
tt0411477,75986503
tt0265662,80693537
tt0971209,22955544
tt0116722,409144
tt0098369,3077361
tt1931533,32226382
tt1748122,68264022
tt0101921,82418501
tt0058461,14516248
tt0093476,9868521
tt0887883,60355347
tt0113101,4257354
tt1229340,173649931
tt2717860,7734
tt0119326,14009368
tt0080756,7470348
tt0234829,19772447
tt0486576,301913131
tt0089885,2023414
tt0106950,6739141
tt0269347,46061847
tt0084684,10490791
tt0425123,48318130
tt0071853,1940906
tt0094021,2228951
tt3488710,61181942
tt0460740,25343
tt0116308,402749
tt2178470,3827466
tt0398027,855009
tt0115994,49620
tt0077288,20424259
tt5462602,56411585
tt0166175,4177818
tt0109836,22006296
tt0048956,134241
tt3266724,863808
tt0066808,136200
tt0815245,41633384
tt0093106,1155020
tt0120596,36911617
tt0196229,60780981
tt0118694,2738980
tt0379225,4605682
tt0102266,59509925
tt0431461,11455
tt0477095,216839
tt0085551,1645711
tt0107277,1640220
tt0118971,60944660
tt1839596,986697
tt1464174,82686066
tt1680114,8452
tt0493464,342463063
tt4030600,29874280
tt0118564,6330054
tt0317198,40226215
tt1951181,5952884
tt0095916,316199
tt0074958,23690757
tt0349683,51882244
tt0390109,16214
tt0106452,428868
tt0469641,70278893
tt0072890,50000000
tt0145893,4398989
tt2338424,282083
tt0085333,21017849
tt0120689,286801374
tt1515091,543848418
tt1781922,54418872
tt1800741,35074677
tt0083550,12534817
tt0077766,81766007
tt1707391,70851
tt1489889,216972543
tt1244754,6783129
tt1379228,413051
tt3316948,27262374
tt1826660,14370662
tt0097368,38903179
tt0059112,315695
tt0116594,1875527
tt2994190,79624
tt0120888,80245725
tt2224026,386041607
tt0976051,34194407
tt4226388,3192275
tt0081207,22482952
tt0435761,415004880
tt0347618,563718
tt0116707,4619014
tt0367790,365727
tt0308208,20154899
tt2091256,73921000
tt0091637,12303904
tt0131704,35134820
tt0405336,374743
tt0161100,25059640
tt1204975,63914167
tt0093231,1749956
tt4481414,43069254
tt0112792,84919401
tt0094890,25024919
tt3090634,65460
tt0350028,49718611
tt4796122,349183
tt4468634,1526698
tt1213832,26042
tt1860213,94073028
tt0268126,32801173
tt0092796,14000000
tt0078767,86432000
tt1231580,443140005
tt0082979,40382659
tt1787759,54161287
tt2215395,29494
tt0192766,403069
tt0080461,2013193
tt1976000,507463
tt0329028,39267515
tt0082484,20962615
tt2345112,653651
tt1416801,1188194
tt0454848,88513495
tt3544082,4247285
tt1411704,183954145
tt1334553,48764
tt0094667,1267578
tt0104389,88036683
tt2243621,13567781
tt1603257,921752
tt0117802,4555020
tt4687848,218044
tt0192614,50802120
tt0248012,596591
tt2555736,85978292
tt2243389,21245677
tt1850457,87044645
tt3783958,448864344
tt0472198,44420167
tt0102388,2853801
tt3195644,52218558
tt4005402,3621046
tt3074732,239969
tt0118577,59921
tt1175491,29560587
tt0897361,9669758
tt0376105,90754475
tt0105378,2735731
tt0119654,589390539
tt3774694,861057
tt0087981,150463
tt0250687,85498534
tt0093629,44793222
tt2310332,956019788
tt0082517,31672907
tt0425758,4439482
tt0463854,65048678
tt2656588,14591
tt0048960,42000000
tt0101917,34872033
tt0119209,113069
tt1376213,6399
tt5071886,4388789
tt0097991,108154
tt2511428,24732
tt0277895,294758
tt0181739,14026418
tt1268799,36192775
tt0490084,69485490
tt1705772,1373444
tt4270516,7205073
tt1881002,187112
tt0104431,358994850
tt0127349,270745
tt0306734,9081057
tt1524137,96262212
tt0111756,25052000
tt0125664,47434430
tt2398231,3819421
tt0216800,3830441
tt1863347,19705392
tt0088330,4239154
tt1935179,32613173
tt0189584,3728888
tt0102631,18634643
tt1212450,55404207
tt1648112,18261046
tt0361925,14615099
tt0080684,538375067
tt0899106,36088028
tt0316396,48462608
tt0113253,15116634
tt0407265,9015303
tt2380331,3449811
tt0343996,4408011
tt0044081,49523
tt1289406,1818681
tt1440129,65422625
tt2322441,569651467
tt0986264,21897373
tt0091499,7433663
tt3385516,543934105
tt0360201,41682237
tt1137481,1275162
tt2404463,229930771
tt1402488,64006466
tt0096098,29300090
tt0278475,39418836
tt0384533,366037
tt0096378,1883811
tt4266638,144822
tt0102005,7434726
tt0100594,2075084
tt0416236,71195053
tt1285309,7043835
tt0101615,1193062
tt0120787,67638368
tt0120481,1851761
tt1425922,7454185
tt0138749,76432727
tt0162360,1955933
tt4411596,9200168
tt0457430,83850267
tt0783233,50927067
tt0090830,31853080
tt0108451,18898806
tt0985699,83077833
tt0431308,53695808
tt0390521,20645757
tt1343097,5190196
tt0261392,33788161
tt0242653,427344325
tt0268200,852206
tt0086200,63541777
tt0055031,12180
tt1146325,29169677
tt0092699,67331309
tt1183923,361960
tt3756788,531996
tt0290145,476551
tt0105488,11749595
tt0306841,55534455
tt1723811,3909002
tt0446029,47664559
tt1640548,972512
tt0432348,87039965
tt0822849,22136
tt0095647,34603943
tt0211181,66957026
tt0283503,458232
tt1714210,484592
tt2103217,31081
tt0106918,270248367
tt0144178,12044
tt0089908,11137801
tt0245686,30987695
tt0099892,39404261
tt3499096,25070261
tt0090735,6637565
tt2140619,492332
tt0100405,463406268
tt0462338,7164995
tt0137386,2070399
tt0367959,82169884
tt0090729,112132
tt0457433,73534117
tt0454876,609016565
tt0118531,5727130
tt0091671,1355728
tt0085334,20653717
tt4353996,113231
tt0864835,275698039
tt0087589,17513452
tt1073654,12125431
tt0115669,1113103
tt1827578,9342
tt0318283,15368897
tt0103241,63707829
tt0177888,27841
tt0099762,23472449
tt0221027,83282296
tt0090917,8988731
tt4080728,3479315
tt0141399,3003296
tt3534282,31309
tt0838192,230967
tt2263944,50461371
tt0266489,9692135
tt0103285,3826459
tt0479537,418296
tt2296935,901596
tt0116141,24727
tt0188674,104257
tt1230414,219103655
tt0164912,300135367
tt3320578,231046
tt0098439,63408614
tt0110725,38590458
tt5078204,49619118
tt0112818,39363635
tt0092644,299965036
tt0024216,651
tt0095675,7263129
tt0266987,62362560
tt0758794,43545364
tt0255653,4634077
tt0890870,63300095
tt0114287,31596911
tt0441048,32396427
tt0091474,8620929
tt0077572,7230000
tt0099528,39024251
tt0083113,2022771
tt0162983,51880044
tt0455960,25399945
tt3369806,43967255
tt0482603,65097693
tt3318750,108808
tt4057376,10495305
tt3387266,3902185
tt0195714,53331147
tt2398241,45020282
tt0085159,6333135
tt1692486,30722632
tt1787797,65310
tt0097481,60864870
tt0164085,2160710
tt1014775,94514402
tt0104797,48169910
tt0146316,274703340
tt0079714,11988469
tt0110557,16453258
tt4341582,8874389
tt0097889,1145404
tt0088993,5000000
tt4849438,254158390
tt1700844,3143514
tt1397280,376152455
tt1178663,5306706
tt0095800,31753898
tt4312536,379990
tt0086960,316360478
tt3779028,61653908
tt0144528,166339890
tt0290002,522657936
tt0439817,77303
tt0089913,358574
tt4337690,4842699
tt0105211,4651977
tt0155975,37170655
tt1922777,82515113
tt0113957,50727965
tt0093407,12396383
tt4814290,391957
tt0900387,9337930
tt0409072,19225992
tt1324055,312187
tt0212712,20205757
tt4196450,16779212
tt0226648,4811282
tt0118972,42868348
tt0970452,19652185
tt0441007,3826568
tt0234354,2534372
tt0097235,28890240
tt4877122,86089513
tt0424205,17709155
tt0255819,29381649
tt1703148,176669
tt0411705,66853
tt1232829,201585328
tt0103919,25795897
tt0138097,289317794
tt1262981,221805
tt0317248,7564459
tt0081414,3910019
tt0058182,2360561
tt0114536,3150170
tt0463998,43095175
tt0419843,17562071
tt0402158,12373145
tt2597892,551760
tt0082186,41092328
tt1067733,57468
tt0320691,95708457
tt0129290,202292902
tt1023490,240159
tt0117247,97529550
tt0433400,51024243
tt0301893,2106838
tt0101507,57529070
tt0058150,51163593
tt0303353,1521593
tt0111187,3180674
tt1133991,44872
tt3040964,966554929
tt2932536,62198461
tt0109830,678226133
tt0117918,53854588
tt2910814,600896
tt0082533,17985893
tt0115751,3826798
tt0098536,71079915
tt0311429,66465204
tt2368619,50269
tt2554274,74679822
tt0118749,43101594
tt0263757,44617342
tt0091867,21041453
tt1464191,60048
tt0161081,291420351
tt5173032,73121
tt0417433,17496992
tt0066206,61749765
tt0138414,871759
tt1440345,143979
tt2062575,2393988
tt1033575,82584160
tt1591095,99557032
tt1082601,32482728
tt0078199,19703082
tt0078966,51718367
tt2937898,5749134
tt1817771,70958
tt0101786,4603929
tt2452042,246233113
tt0089798,12918858
tt1415283,93251121
tt2371824,6508
tt0160401,14011454
tt2332518,16963608
tt1931435,46522137
tt1355644,303144152
tt4263482,40423945
tt3236120,7452512
tt4217392,362657
tt3387542,39712000
tt3264102,798680
tt3409392,7179391
tt0264150,19526014
tt0388182,268461
tt0261983,378176
tt0314412,9781854
tt0097244,4751175
tt0117718,12658486
tt0105652,152322
tt0066601,83956
tt0089961,23717291
tt0947802,44655002
tt0351977,57223890
tt0095362,136567
tt0482088,28041861
tt0342258,50871113
tt0083911,1080769
tt4630562,226008385
tt0082089,24058838
tt4257926,73983003
tt3289728,33258
tt0475290,63647656
tt0118570,23144499
tt3966404,845464
tt0120126,116806
tt0083530,27150534
tt0258463,214034224
tt0466342,85749034
tt0298228,41062976
tt0103893,16624456
tt0090888,5839031
tt2023690,61782
tt1355683,99775678
tt0090206,2052466
tt0441909,85585177
tt1221208,706546
tt0102510,86930411
tt0111503,378882411
tt0100502,45681173
tt1291150,485004754
tt0113303,12201255
tt4679210,
tt0124102,713239
tt0034492,267447150
tt0281358,47494916
tt0163025,368780809
tt0330793,54700105
tt0405469,37384046
tt0342882,29121
tt1594972,30734502
tt0258068,27674124
tt2431286,37709979
tt0157583,4301582
tt0079638,22228000
tt0046912,18816
tt0113808,5221281
tt0114814,23341568
tt0252028,15125687
tt2017038,6263670
tt0120604,102744
tt5278832,108846
tt1684233,9747
tt0399201,35818913
tt0071562,48035783
tt1606378,67349198
tt0312549,9439660
tt0107798,195268056
tt0120684,6451628
tt0090738,25205460
tt1300854,409013994
tt1726592,3242457
tt0822832,255743093
tt0106220,48919043
tt1063669,32350637
tt0391198,187281115
tt0088178,5108872
tt0065916,19319254
tt1196141,76196538
tt0134154,635096
tt0814075,327205
tt1032815,15821907
tt0077928,35000000
tt1841642,4476578
tt0056172,45715757
tt1521090,2135121
tt1185416,43053376
tt5247022,9588282
tt1414382,32054369
tt0164114,22593409
tt0120593,11532
tt0234215,741847937
tt0123923,4417
tt0180734,44102389
tt1899353,9148519
tt0384680,19126398
tt4193400,3083973
tt2390361,25288872
tt0384537,46982632
tt0305357,259175788
tt0283026,34411240
tt3808342,6659121
tt5029608,880883
tt2381111,62076141
tt0096037,8253123
tt0109813,341631208
tt2713180,85817906
tt0295178,296938801
tt0453562,97470701
tt1311067,39421467
tt0325805,65565672
tt1496025,62321039
tt3110960,560592
tt1188729,20648328
tt0088763,381906762
tt4183692,14401617
tt2101341,18074539
tt0368447,256697520
tt2318405,3427641
tt0065421,35459543
tt0068638,9588
tt0218553,65586
tt0119951,41230799
tt0912583,312751
tt0450278,81979826
tt0126250,10920544
tt0094321,7305209
tt1512240,790421
tt0429591,22989957
tt3824458,828874
tt0285742,45011434
tt0095145,3838793
tt0413267,813367380
tt0118742,294064
tt0293832,154642
tt0064665,44801177
tt0094764,882290
tt3011894,3106530
tt0364970,72109200
tt1130884,294805697
tt5606538,55972241
tt0095326,6436211
tt3398268,561085
tt0838247,2425535
tt0160797,71732303
tt2321549,964413
tt3416532,47309313
tt1190905,499110
tt1579361,1358668
tt0093105,123922370
tt4062536,3769214
tt1583421,375740705
tt0112864,366101666
tt0995868,7846608
tt0098575,1132112
tt0362120,90710620
tt1764651,85028192
tt0099422,162738726
tt0100404,86303188
tt0332379,81261177
tt1313104,857005
tt0095705,78756177
tt6265828,1951683
tt0107286,12526677
tt0102460,20246790
tt2053463,63414135
tt0986213,6773493
tt0117677,2068490
tt0139654,76631907
tt3832914,73256266
tt0110516,18137661
tt0091344,4711220
tt2911668,45895
tt0233142,18720175
tt1045772,20768906
tt0918927,51699984
tt1334510,112909
tt0082200,15578237
tt1810861,741838
tt0452625,59768495
tt0099871,26118851
tt1334470,708726
tt1029360,95437994
tt0095687,13854000
tt0179063,40717
tt0381849,70016220
tt1074638,304360277
tt0119586,394079
tt0910936,87341380
tt0475944,37598767
tt0085970,64783827
tt2140037,3067531
tt0483607,22472631
tt0203408,12614346
tt1126591,89520336
tt0970179,73864507
tt0074285,33800000
tt0103074,45456285
tt0322725,56878
tt0065938,5200000
tt2011159,54323210
tt0399295,72617068
tt1731701,933847
tt3960412,9680029
tt0066580,320610
tt0933361,1484930
tt1433811,3428048
tt0093640,35509515
tt0278488,31283740
tt2172985,77450
tt0479162,7202
tt1754811,228004
tt0103253,1008404
tt0929632,63649529
tt1340138,89760956
tt0218922,35402320
tt0364751,73029190
tt0084855,53993738
tt3235888,21729511
tt0056663,24517
